product_name,total_revenue
"Bush Westfield Collection Bookcases, Medium Cherry Finish",11556.16
"GE 30522EE2",4799.60
"Recycled Steel Personal File for Hanging File Folders",5828.24
"Imation Clip USB flash drive - 8 GB",2764.80
"WD My Passport Ultra 1TB Portable External Hard Drive",6387.20
"AT&T 17929 Lendline Telephone",7018.16
"Hon Practical Foundations 30 x 60 Training Table, Light Gray/Charcoal",25325.44
"Storex Dura Pro Binders",8075.28
"Hewlett Packard 310 Color Digital Copier",30782.96
"Newell 312",4421.28
"Avery Arch Ring Binders",12807.52
"Ibico Recycled Linen-Style Covers",12807.52
"Logitech MX Performance Wireless Mouse",8822.56
"Newell 337",1068.00
"Logitech B530 USB Headset - headset - Full size, Binaural",3442.64
"Panasonic KP-350BK Electric Pencil Sharpener with Auto Stop",4105.28
"Eldon Image Series Desk Accessories, Burgundy",5234.08
"Executive Impressions 13" Clairmont Wall Clock"",5234.08
"Xerox 212",2468.32
"Atlantic Metals Mobile 3-Shelf Bookcases, Custom Colors",27293.92
"Plastic Binding Combs",2514.48
"XtraLife ClearVue Slant-D Ring Binder, White, 3""",4010.88
"Newell 319",3456.88
"Avaya 5410 Digital phone",5244.00
"Logitech G500s Laser Gaming Mouse with Adjustable Weight Tuning",11198.40
"netTALK DUO VoIP Telephone Service",4519.20
"DAX Two-Tone Rosewood/Black Document Frame, Desktop, 5 x 7",4881.84
"24-Hour Round Wall Clock",3254.48
"Logitech Media Keyboard K200",3911.04
"DAX Value U-Channel Document Frames, Easel Back",3203.12
"Xerox 2",3404.56
"Xerox 1935",2931.92
"Cyber Acoustics AC-202b Speech Recognition Stereo Headset",2564.08
"Ultra Door Push Plate",1262.48
"Xerox 1882",3846.88
"Electrix Fluorescent Magnifier Lamps & Weighted Base",3966.40
"Quality Park Security Envelopes",1695.68
"American Pencil",1807.68
"Logitech Gaming G510s - Keyboard",10175.20
"Bevis Round Bullnose 29" High Table Top"",5542.08
"#10 Gummed Flap White Envelopes, 100/Box",1069.52
"Xerox 1959",4113.60
"Square Ring Data Binders, Rigid 75 Pt. Covers, 11" x 14-7/8"""",2887.52
"Xerox 1893",11527.60
"Wilson Jones Active Use Binders",1905.84
"Imation 8GB Mini TravelDrive USB 2.0 Flash Drive",3345.60
"Tenex Contemporary Contur Chairmats for Low and Medium Pile Carpet, Computer, 39" x 49"""",6725.68
"Executive Impressions 13" Chairman Wall Clock"",6725.68
"Logitech 910-002974 M325 Wireless Mouse for Web Scrolling",6430.64
"Logitech G19 Programmable Gaming Keyboard",52246.08
"Plantronics Savi W720 Multi-Device Wireless Headset System",52246.08
"First Data FD10 PIN Pad",8699.20
"Global Super Steno Chair",10385.12
"Global Ergonomic Managers Chair",39471.04
"Bagged Rubber Bands",27940.88
"Eldon Pizzaz Desk Accessories",156.96
"Sauder Forest Hills Library, Woodland Oak Finish",37304.64
"DMI Eclipse Executive Suite Bookcases",37304.64
"Fellowes Mighty 8 Compact Surge Protector",1918.00
"Contract Clock, 14", Brown"",5628.40
"Xerox 218",1914.24
"Avery 475",6408.00
"Avery 476",2489.68
"Panasonic Kx-TS550",3820.08
"Verbatim 25 GB 6x Blu-ray Single Layer Recordable Disc, 25/Pack",1936.96
"Wilson Jones data.warehouse D-Ring Binders with DublLock",1090.24
"DAX Cubicle Frames, 8-1/2 x 11",1534.72
"Logitech Wireless Marathon Mouse M705",9102.32
"4009 Highlighters",64.32
"Iceberg Mobile Mega Data/Printer Cart",37553.68
"XtraLife ClearVue Slant-D Ring Binders by Cardinal",1238.40
"Dixon Ticonderoga Maple Cedar Pencil, #2",818.64
"Telephone Message Books with Fax/Mobile Section, 4 1/4" x 6"""",1912.96
"GBC Standard Recycled Report Covers, Clear Plastic Sheets",2779.60
"Chromcraft Round Conference Tables",64640.48
"Tenex B1-RE Series Chair Mats for Low Pile Carpets",5140.48
"SAFCO Commercial Wire Shelving, 72h",4213.28
"Newell 345",4065.04
"Heavy-Duty E-Z-D Binders",6477.20
"File Shuttle II and Handi-File, Black",8209.92
"GBC Wire Binding Strips",1625.12
"Avery 512",2047.52
"Global Deluxe High-Back Office Chair in Storm",8903.36
"O'Sullivan 2-Shelf Heavy-Duty Bookcases",5776.56
"Xerox 1943",4869.60
"Nokia Lumia 1020",11519.76
"Avery Durable Binders",4482.80
"Bretford “Just In Time” Height-Adjustable Multi-Task Work Tables",30959.20
"AT&T 1080 Phone",6137.12
"Easy-staple paper",22165.76
"Xerox 1994",279.92
"Staple envelope",16255.44
"Fellowes PB500 Electric Punch Plastic Comb Binding Machine with Manual Bind",78052.16
"#10 White Business Envelopes,4 1/8 x 9 1/2",4261.36
"X-Rack File for Hanging Folders",4872.96
"Xerox 1883",11683.68
"Belkin 19" Center-Weighted Shelf, Gray"",3031.04
"HP Designjet T520 Inkjet Large Format Printer - 24" Color"",37999.60
"Presstex Flexible Ring Binders",1458.08
"Acrylic Self-Standing Desk Frames",11785.92
"Deflect-o RollaMat Studded, Beveled Mat for Medium Pile Carpeting",14034.00
"Hon Multipurpose Stacking Arm Chairs",24182.08
"Nu-Dell Float Frame 11 x 14 1/2",732.80
"Safco Commercial Shelving",3569.28
"Carina 42"Hx23 3/4""W Media Storage Unit"",6619.28
"White Computer Printout Paper by Universal",7209.84
"Revere Boxed Rubber Bands by Revere",949.60
"Eldon 200 Class Desk Accessories, Black",6318.96
"Howard Miller 13" Diameter Goldtone Round Wall Clock"",6318.96
"Bush Andora Bookcase, Maple/Graphite Gray Finish",22046.32
"Ames Color-File Green Diamond Border X-ray Mailers",6262.56
"Plantronics Cordless Phone Headset with In-line Volume - M214C",5472.40
"Aastra 57i VoIP phone",20414.40
"White Dual Perf Computer Printout Paper, 2700 Sheets, 1 Part, Heavyweight, 20 lbs., 14 7/8 x 11",14847.20
"Xerox 1888",14847.20
"Belkin 19" Vented Equipment Shelf, Black"",7470.96
"Avery 508",1224.08
"Fellowes Mobile File Cart, Black",20058.40
"Anker Astro 15000mAh USB Portable Charger",5759.04
"Deflect-o EconoMat Studded, No Bevel Mat for Low Pile Carpeting",6290.56
"Micro Innovations USB RF Wireless Keyboard with Mouse",4056.00
"Permanent Self-Adhesive File Folder Labels for Typewriters by Universal",2588.32
"Xerox 1912",1370.32
"Motorola L703CM",23289.52
"Samsung Galaxy S4 Mini",34311.28
"Harbour Creations Steel Folding Chair",6710.00
"Maxell 4.7GB DVD+RW 3/Pack",509.76
"Mediabridge Sport Armband iPhone 5s",1886.88
"Tennsco Double-Tier Lockers",58301.12
"Avery Durable Slant Ring Binders, No Labels",5601.68
"Tops Green Bar Computer Printout Paper",2501.12
"Wirebound Message Books, Four 2 3/4 x 5 Forms per Page, 200 Sets per Book",2735.20
"Economy #2 Pencils",1244.80
"Bevis Boat-Shaped Conference Table",12905.92
"Regeneration Desk Collection",939.20
"Panasonic KP-150 Electric Pencil Sharpener",3623.04
"GBC DocuBind P100 Manual Binding Machine",12857.68
"Advantus Push Pins",1149.44
"Honeywell Enviracaire Portable Air Cleaner for up to 8 x 10 Room",2393.60
"Global Stack Chair with Arms, Black",2470.40
"Xerox 206",1092.32
"Hon Comfortask Task/Swivel Chairs",11241.28
"Eldon Cleatmat Plus Chair Mats for High Pile Carpets",5725.44
"Wilson Jones “Snap” Scratch Pad Binder Tool for Ring Binders",2093.76
"Hon Every-Day Chair Series Swivel Task Chairs",7886.80
"Executive Impressions 14" Contract Wall Clock"",2441.44
"Carina Double Wide Media Storage Towers in Natural & Black",12444.16
"Staple-on labels",69.36
"Acme Office Executive Series Stainless Steel Trimmers",4082.16
"Xerox 1880",4272.80
"Speediset Carbonless Redi-Letter 7" x 8 1/2"""",1655.28
"SanDisk Ultra 16 GB MicroSDHC Class 10 Memory Card",1810.56
"Wilson Jones Clip & Carry Folder Binder Tool for Ring Binders, Clear",5416.48
"Fellowes Officeware Wire Shelving",17784.72
"Avery Heavy-Duty EZD  Binder With Locking Rings",741.04
"9-3/4 Diameter Round Wall Clock",4286.40
"Recycled Data-Pak for Archival Bound Computer Printouts, 12-1/2 x 12-1/2 x 16",11732.64
"iOttie HLCRIO102 Car Mount",1735.28
"Avery Durable Slant Ring Binders With Label Holder",1273.60
"Standard Rollaway File with Lock",36061.44
"Floodlight Indoor Halogen Bulbs, 1 Bulb per Pack, 60 Watts",2728.00
"Belkin 5 Outlet SurgeMaster Power Centers",12425.68
"AT&T 1070 Corded Phone",3567.68
"Memorex Mini Travel Drive 64 GB USB 2.0 Flash Drive",1159.68
"Acco Clips to Go Binder Clips, 24 Clips in Two Sizes",1277.60
"Recycled Interoffice Envelopes with String and Button Closure, 10 x 13",3600.88
"Conquest 14 Commercial Heavy-Duty Upright Vacuum, Collection System, Accessory Kit",3517.76
"Flexible Leather- Look Classic Collection Ring Binder",2254.88
"DAX Two-Tone Silver Metal Document Frame",3718.24
"Newell 34",5559.04
Staples,17512.64
"Adjustable Depth Letter/Legal Cart",30820.08
"Ativa V4110MDD Micro-Cut Shredder",39199.44
"RCA ViSYS 25423RE1 Corded phone",1279.84
"GBC ProClick Punch Binding System",6631.76
"Pyle PMP37LED",15968.00
"Xerox 194",2606.56
"Rediform Wirebound "Phone Memo"" Message Book, 11 x 5-3/4"",2656.08
"Office Star - Mid Back Dual function Ergonomic High Back Chair with 2-Way Adjustable Arms",9441.12
"Plantronics Encore H101 Dual Earpieces Headset",7129.76
"Office Impressions End Table, 20-1/2"H x 24""W x 20""D"",45646.56
"Canon PC170 Desktop Personal Copier",2303.28
"White Envelopes, White Envelopes with Clear Poly Window",1038.80
"Elite 5" Scissors"",2017.92
"Executive Impressions 10" Spectator Wall Clock"",1223.04
"High Speed Automatic Electric Letter Opener",70741.28
"Acco Banker's Clasps, 5 3/4"-Long"",4219.68
"Polycom VVX 310 VoIP phone",20902.88
"Verbatim 25 GB 6x Blu-ray Single Layer Recordable Disc, 1/Pack",1252.80
"Berol Giant Pencil Sharpener",2550.80
"Avery 518",2391.44
"Green Canvas Binder for 8-1/2" x 14"" Sheets"",2596.80
"Logitech G602 Wireless Gaming Mouse",7111.12
"Cameo Buff Policy Envelopes",1991.36
"Acco Perma 4000 Stacking Storage Drawers",3350.48
"Wilson SignalBoost 841262 DB PRO Amplifier Kit",19669.36
"Avery Self-Adhesive Photo Pockets for Polaroid Photos",2650.40
"Grandstream GXP1160 VoIP phone",5753.84
"Commercial WindTunnel Clean Air Upright Vacuum, Replacement Belts, Filtration Bags",1675.60
"Peel & Stick Add-On Corner Pockets",4315.52
"Bevis Rectangular Conference Tables",4186.64
"Belkin Grip Candy Sheer Case / Cover for iPhone 5 and 5S",519.76
"Plantronics Voyager Pro Legend",32530.24
"Cisco Unified IP Phone 7945G VoIP phone",32530.24
"Deflect-o DuraMat Lighweight, Studded, Beveled Mat for Low Pile Carpeting",3114.08
"Rubber Band Ball",6817.28
"Coloredge Poster Frame",3185.60
"Xerox 1993",3426.40
"Satellite Sectional Post Binders",13517.12
"Pressboard Hanging Data Binders for Unburst Sheets",10333.44
"Verbatim 25 GB 6x Blu-ray Single Layer Recordable Disc, 3/Pack",1558.88
"Tyvek Interoffice Envelopes, 9 1/2" x 12 1/2"", 100/Box"",8033.52
"Prang Drawing Pencil Set",3672.32
"Microsoft Sculpt Comfort Mouse",12876.64
"Personal Folder Holder, Ebony",1610.08
"Situations Contoured Folding Chairs, 4/Set",23000.48
"Xerox 193",430.56
"GBC Binding covers",33855.12
"Ibico Hi-Tech Manual Binding System",33855.12
"O'Sullivan Living Dimensions 5-Shelf Bookcases",4242.80
"Plantronics Audio 478 Stereo USB Headset",7046.64
"Rediform Voice Mail Log Books",119.20
"Apple iPhone 5",61879.92
"Kingston Digital DataTraveler 16GB USB 2.0",6461.36
"Okidata MB760 Printer",62675.20
"Mini 13-1/2 Capacity Data Binder Rack, Pearl",7634.16
"Wilson Jones Leather-Like Binders with DublLock Round Rings",28994.48
"DAX Charcoal/Nickel-Tone Document Frame, 5 x 7",5161.28
"Tennsco Stur-D-Stor Boltless Shelving, 5 Shelves, 24" Deep, Sand"",24485.04
"Euro-Pro Shark Turbo Vacuum",3568.88
"Security-Tint Envelopes",3076.56
"Hon 4070 Series Pagoda Round Back Stacking Chairs",37481.68
"Hammermill Color Copier Paper (28Lb. and 96 Bright)",239.76
"Belkin 7 Outlet SurgeMaster Surge Protector with Phone Protection",1263.36
"Jabra BIZ 2300 Duo QD Duo Corded Headset",11722.32
"TOPS Carbonless Receipt Book, Four 2-3/4 x 7-1/4 Money Receipts per Page",2132.00
"Adams Phone Message Book, Professional, 400 Message Capacity, 5 3/6” x 11”",2132.00
"Insertable Tab Indexes For Data Binders",1789.04
"Hon Non-Folding Utility Tables",20519.20
"Eldon 500 Class Desk Accessories",16936.72
"Howard Miller 14-1/2" Diameter Chrome Round Wall Clock"",16936.72
"Eureka The Boss Lite 10-Amp Upright Vacuum, Blue",7422.08
"Ibico Covers for Plastic or Wire Binding Elements",3984.00
"Westinghouse Mesh Shade Clip-On Gooseneck Lamp, Black",1486.72
"SAFCO Arco Folding Chair",37990.24
"Kensington Expert Mouse Optical USB Trackball for PC or Mac",9246.88
"Polycom CX600 IP Phone VoIP phone",22546.48
"Ibico EB-19 Dual Function Manual Binding System",26391.20
"SAFCO Commercial Wire Shelving, Black",15525.60
"GBC VeloBind Cover Sets",4464.32
"Space Solutions Industrial Galvanized Steel Shelving.",1008.64
"Okidata MB491 Multifunction Printer",28306.32
"Swingline SM12-08 MicroCut Jam Free Shredder",28306.32
"Cardinal EasyOpen D-Ring Binders",3616.24
"Advantus Panel Wall Acrylic Frame",1599.36
"Safco Value Mate Series Steel Bookcases, Baked Enamel Finish on Steel, Gray",3350.24
"BOSTON Ranger #55 Pencil Sharpener, Black",4142.80
"Global High-Back Leather Tilter, Burgundy",20238.16
"Westinghouse Clip-On Gooseneck Lamps",2700.96
"V7 USB Numeric Keypad",4278.96
"Avery Round Ring Poly Binders",104.48
"Global Comet Stacking Arm Chair",25228.56
"Xerox 1964",4385.28
"Novimex Swivel Fabric Task Chair",10401.04
"GBC Pre-Punched Binding Paper, Plastic, White, 8-1/2" x 11"""",3413.28
"Plantronics Voyager Pro HD - Bluetooth Headset",7742.88
"Acco Flexible ACCOHIDE Square Ring Data Binder, Dark Blue, 11 1/2" X 14"" 7/8"""",3456.08
"Blue String-Tie & Button Interoffice Envelopes, 10 x 13",3750.24
"Honeywell Enviracaire Portable HEPA Air Cleaner for 17' x 22' Room",58206.48
"Electrix Halogen Magnifier Lamp",19379.36
"i.Sound Portable Power - 8000 mAh",3426.64
"Balt Solid Wood Rectangular Table",3422.88
"Hoover WindTunnel Plus Canister Vacuum",15972.40
"Atlantic Metals Mobile 2-Shelf Bookcases, Custom Colors",3320.16
"GE 4 Foot Flourescent Tube, 40 Watt",119.84
"Master Caster Door Stop, Brown",1565.44
"Ibico Recycled Grain-Textured Covers",1362.80
"Xerox 225",6529.60
"Clear Mylar Reinforcing Strips",6516.96
"Xerox 1894",1896.16
"Belkin iPhone and iPad Lightning Cable",1039.52
"Eldon Image Series Desk Accessories, Ebony",2111.68
"Avery Durable Slant Ring Binders",2195.84
"Global Airflow Leather Mesh Back Chair, Black",25951.92
"Newell 33",1943.92
"Safco Drafting Table",4883.76
"Prang Dustless Chalk Sticks",1812.00
"Logitech ClearChat Comfort/USB Headset H390",5097.68
"BlackBerry Q10",14456.48
"Ink Jet Note and Greeting Cards, 8-1/2" x 5-1/2"" Card Size"",10515.12
"O'Sullivan Living Dimensions 3-Shelf Bookcases",2411.76
"Hunt BOSTON Vista Battery-Operated Pencil Sharpener, Black",223.92
"Imation 16GB Mini TravelDrive USB 2.0 Flash Drive",79166.40
"Logitech P710e Mobile Speakerphone",79166.40
"Gould Plastics 18-Pocket Panel Bin, 34w x 5-1/4d x 20-1/2h",14731.52
"Tenex Personal Self-Stacking Standard File Box, Black/Gray",2384.80
"Case Logic 2.4GHz Wireless Keyboard",5023.04
"Adams Telephone Message Book W/Dividers/Space For Phone Numbers, 5 1/4"X8 1/2"", 300/Messages"",4905.60
"Wilson Jones Hanging View Binder, White, 1""",1152.00
"Eldon Expressions Wood and Plastic Desk Accessories, Oak",1197.60
"Hanging Personal Folder File",2387.20
"Rogers Deluxe File Chest",4878.80
"Xerox 1983",47.84
"Computer Printout Paper with Letter-Trim Perforations",1938.80
"Global Leather Highback Executive Chair with Pneumatic Height Adjustment, Black",19719.76
"Memo Book, 100 Message Capacity, 5 3/8” x 11”",107.84
"Acco Four Pocket Poly Ring Binder with Label Holder, Smoke, 1""",4219.84
"DAX Solid Wood Frames",9993.04
"Howard Miller 13-3/4" Diameter Brushed Chrome Round Wall Clock"",9993.04
"GBC Plastic Binding Combs",4304.64
"Clearsounds A400",4090.64
"Xerox 188",4344.48
"LG Exalt",3572.56
"Anker Ultra-Slim Mini Bluetooth 3.0 Wireless Keyboard",1671.60
"Global Value Steno Chair, Gray",11401.92
"Fellowes Bankers Box Recycled Super Stor/Drawer",3627.44
"Boston 1645 Deluxe Heavier-Duty Electric Pencil Sharpener",7376.08
"50 Colored Long Pencils",965.92
"Newell 342",78.72
"Belkin F9H710-06 7 Outlet SurgeMaster Surge Protector",2713.92
"Boston 16801 Nautilus Battery Pencil Sharpener",3652.64
"Avery 473",11843.20
"Acme Value Line Scissors",1096.32
"Avery Hanging File Binders",602.72
"Hon Deluxe Fabric Upholstered Stacking Chairs, Rounded Back",58433.04
"Staple remover",10820.08
"Avery Non-Stick Binders",5089.04
"Global Executive Mid-Back Manager's Chair",32708.16
"GBC Velobind Prepunched Cover Sets, Regency Series",5605.76
"Seth Thomas 13 1/2" Wall Clock"",1442.72
"Xerox 1962",2682.64
"Wirebound Message Books, Four 2 3/4" x 5"" Forms per Page, 600 Sets per Book"",3049.20
"Ibico Ibimaster 300 Manual Binding System",37101.44
"Tenex File Box, Personal Filing Tote with Lid, Black",3197.36
"Logitech Trackman Marble Mouse",5638.32
"Eldon Portable Mobile Manager",6322.08
"Premier Automatic Letter Opener",19292.96
"Nortel Meridian M5316 Digital phone",20900.00
"Hewlett Packard 610 Color Digital Copier / Printer",25687.20
"Newell 322",944.08
"Xerox 1939",5098.72
"Belkin 7-Outlet SurgeMaster Home Series",3153.68
"Eldon Jumbo ProFile Portable File Boxes Graphite/Black",293.92
"Sauder Barrister Bookcases",5263.76
"Dixon Prang Watercolor Pencils, 10-Color Set with Brush",1391.52
"Adams Phone Message Book, 200 Message Capacity, 8 1/16” x 11”",4942.08
"Xerox 1923",1987.28
"Fellowes Neat Ideas Storage Cubes",3022.32
"Xerox 1931",2792.40
"Kensington Orbit Wireless Mobile Trackball for PC and Mac",9974.56
"Global Chrome Stack Chair",4455.36
"GBC DocuBind P400 Electric Binding System",100616.88
"#10 Self-Seal White Envelopes",1565.44
"Catalog Binders with Expanding Posts",3867.20
"C-Line Magnetic Cubicle Keepers, Clear Polypropylene",4354.72
"Ampad #10 Peel & Seel Holiday Envelopes",1262.08
"Hon Metal Bookcases, Black",4862.72
"Advantus Plastic Paper Clips",4704.00
"Eldon Radial Chair Mat for Low to Medium Pile Carpets",5813.68
"Acco Pressboard Covers with Storage Hooks, 14 7/8" x 11"", Light Blue"",3275.60
"Storex Flexible Poly Binders with Double Pockets",734.64
"Bush Somerset Collection Bookcase",10559.68
"Wilson Jones Hanging Recycled Pressboard Data Binders",71.20
"Xerox 227",5230.32
"3M Replacement Filter for Office Air Cleaner for 20' x 33' Room",910.08
"Fellowes Staxonsteel Drawer Files",29873.84
"Rogers Profile Extra Capacity Storage Tub",2810.56
"GBC Prepunched Paper, 19-Hole, for Binding Systems, 24-lb",3645.04
"BIC Brite Liner Grip Highlighters, Assorted, 5/Pack",1169.68
"KI Adjustable-Height Table",20330.64
"Xerox 1945",10186.40
"Globe Weis Peel & Seel First Class Envelopes",2660.80
"JM Magazine Binder",2229.60
"Global Geo Office Task Chair, Gray",9857.28
"Aluminum Screw Posts",4499.44
"Fellowes Bankers Box Staxonsteel Drawer File/Stacking System",19474.64
"TOPS "Important Message"" Pads, Canary, 4-1/4 x 5-1/2, 50 Sheets per Pad"",1393.52
"Poly String Tie Envelopes",1778.72
"Bevis Steel Folding Chairs",10764.16
"Hon 4070 Series Pagoda Armless Upholstered Stacking Chairs",46392.72
"Fellowes Personal Hanging Folder Files, Navy",5419.44
"Personal File Boxes with Fold-Down Carry Handle",5419.44
"GBC ProClick Spines for 32-Hole Punch",4523.28
"GBC ProClick 150 Presentation Binding System",26367.92
"Imation Secure+ Hardware Encrypted USB 2.0 Flash Drive; 16GB",11779.20
"Woodgrain Magazine Files by Perma",994.40
"HON 5400 Series Task Chairs for Big and Tall",95100.48
"Dixon Ticonderoga Erasable Colored Pencil Set, 12-Color",1434.80
"Ideal Clamps",5357.04
"Xerox 1911",5172.32
"Newell 341",1413.20
"3D Systems Cube Printer, 2nd Generation, Magenta",114679.12
"Stacking Trays by OIC",1222.88
"Wilson Jones Standard D-Ring Binders",2335.44
"Stiletto Hand Letter Openers",230.40
"Memorex Froggy Flash Drive 4 GB",562.72
"Standard Line “While You Were Out” Hardbound Telephone Message Book",4537.44
"Xerox 1992",4537.44
"Motorola L804",5298.32
"GE General Purpose, Extra Long Life, Showcase & Floodlight Incandescent Bulbs",3163.20
"Advantus Push Pins, Aluminum Head",1496.08
"Bush Westfield Collection Bookcases, Fully Assembled",11522.40
"Ultra Door Kickplate, 8"H x 34""W"",2089.92
"Safco Industrial Wire Shelving",5562.72
"Adams Telephone Message Books, 5 1/4” x 11”",930.56
"Eureka The Boss Cordless Rechargeable Stick Vac",6210.64
"SKILCRAFT Telephone Shoulder Rest, 2" x 6.5"" x 2.5"", Black"",354.72
"Tennsco 16-Compartment Lockers with Coat Rack",52015.20
"Howard Miller 16" Diameter Gallery Wall Clock"",3069.12
"Acme Design Line 8" Stainless Steel Bent Scissors w/Champagne Handles, 3-1/8"" Cut"",54.72
"Bush Andora Conference Table, Maple/Graphite Gray Finish",9637.36
"Xerox 189",14012.80
"PowerGen Dual USB Car Charger",2079.04
"Newell 307",3373.20
"Panasonic KP-4ABK Battery-Operated Pencil Sharpener",2370.56
"Angle-D Binders with Locking Rings, Label Holders",4518.56
"Adams Telephone Message Book W/Dividers/Space For Phone Numbers, 5 1/4"X8 1/2"", 200/Messages"",24163.68
"Xerox 1916",24163.68
"Avery Binder Labels",823.20
"Gear Head AU3700S Headset",3743.28
"BIC Brite Liner Grip Highlighters",2600.16
"Space Solutions HD Industrial Steel Shelving.",9477.60
"Acme Kleen Earth Office Shears",807.76
"Panasonic KP-380BK Classic Electric Pencil Sharpener",4732.00
"Fiskars Softgrip Scissors",3780.00
"Fellowes Bankers Box Stor/Drawer Steel Plus",10522.88
"Kensington 4 Outlet MasterPiece Compact Power Control Center",13160.48
"Performers Binder/Pad Holder, Black",3566.72
"Round Ring Binders",222.96
"Colorific Watercolor Pencils",1024.96
"Xerox 209",2328.32
"Eldon Wave Desk Accessories",5775.44
"Bush Advantage Collection Racetrack Conference Table",34672.80
"Poly Designer Cover & Back",2615.60
"Premier Electric Letter Opener",17196.96
"Fellowes Premier Superior Surge Suppressor, 10-Outlet, With Phone and Remote",4453.04
"Eldon Advantage Chair Mats for Low to Medium Pile Carpets",3358.32
"Pizazz Global Quick File",1149.68
"Ultra Door Pull Handle",1666.40
"Barrel Sharpener",2024.96
"Newell 32",23.04
"Ibico Laser Imprintable Binding System Covers",3688.96
"Logitech Wireless Headset h800",15734.48
"Southworth 25% Cotton Linen-Finish Paper & Envelopes",2909.60
"Embossed Ink Jet Note Cards",2275.04
"Eldon Fold 'N Roll Cart System",1941.60
"Xerox 1942",3722.40
"Recycled Pressboard Report Cover with Reinforced Top Hinge",1263.92
"Plantronics S12 Corded Telephone Headset System",10831.44
"Cardinal Holdit Business Card Pockets",2878.24
"Xerox 226",2713.20
"Wilson Jones Impact Binders",5248.16
"AT&T 841000 Phone",11347.20
"Wilson Jones Custom Binder Spines & Labels",39.20
"Nortel Meridian M3904 Professional Digital phone",20645.12
"Avery 493",1047.76
"Xerox 1908",18682.32
"Xerox 1881",18682.32
"Global Stack Chair without Arms, Black",4666.96
"Eldon Delta Triangular Chair Mat, 52" x 58"", Clear"",4784.72
"Tuff Stuff Recycled Round Ring Binders",2340.96
"Flat Face Poster Frame",6834.64
"12-1/2 Diameter Round Wall Clock",4757.12
"Avery 499",2717.76
"Bevis 44 x 96 Conference Tables",7433.76
"Newell 3-Hole Punched Plastic Slotted Magazine Holders for Binders",966.08
"Xerox 1914",6907.20
"DIXON Ticonderoga Erasable Checking Pencils",1139.28
"Super Decoflex Portable Personal File",2758.08
"Akro Stacking Bins",1488.96
"Sterilite Show Offs Storage Containers",1997.04
"Avery 502",949.12
"Office Star - Contemporary Task Swivel chair with Loop Arms, Charcoal",18395.68
"Eldon 200 Class Desk Accessories",3924.64
"Vinyl Sectional Post Binders",9575.12
"Southworth Parchment Paper & Envelopes",209.28
"Howard Miller 13" Diameter Pewter Finish Round Wall Clock"",3699.68
"Newell 316",219.04
"Acco Smartsocket Color-Coded Six-Outlet AC Adapter Model Surge Protectors",1995.60
"Tennsco Industrial Shelving",10008.40
"Computer Room Manger, 14""",3662.72
"Logitech VX Revolution Cordless Laser Mouse for Notebooks (Black)",9791.52
"Cisco 8961 IP Phone Charcoal",1799.52
"Avery 496",1794.00
"Xerox 1909",6082.32
"Xerox 1965",354.00
"Perma STOR-ALL Hanging File Box, 13 1/8"W x 12 1/4""D x 10 1/2""H"",459.28
"Cisco Small Business SPA 502G VoIP phone",5719.44
"Computer Printout Index Tabs",3253.92
"Bevis 36 x 72 Conference Tables",16558.80
"Hon 61000 Series Interactive Training Tables",6554.08
"Global Adaptabilities Conference Tables",28322.80
"Avery Poly Binder Pockets",2131.28
"Snap-A-Way Black Print Carbonless Speed Message, No Reply Area, Duplicate",746.00
"Avaya 4621SW VoIP phone",4259.52
"Advantus T-Pin Paper Clips",1888.48
"Xerox 1951",2487.04
"Insertable Tab Post Binder Dividers",2003.92
"Logitech Desktop MK120 Mouse and keyboard Combo",11723.36
"Executive Impressions 8-1/2" Career Panel/Partition Cubicle Clock"",532.48
"GBC Twin Loop Wire Binding Elements, 9/16" Spine, Black"",2798.48
"Alphabetical Labels for Top Tab Filing",3943.36
"Hon Mobius Operator's Chair",15038.80
"Bady BDG101FRU Card Printer",59087.28
"SanDisk Ultra 64 GB MicroSDHC Class 10 Memory Card",5102.88
"Staple-based wall hangings",10379.12
"Tenex 46" x 60"" Computer Anti-Static Chairmat, Rectangular Shaped"",17052.96
"Smead Adjustable Mobile File Trolley with Lockable Top",8048.48
"Xerox 1898",5536.64
"Xerox 222",3095.60
"SanDisk Cruzer 64 GB USB Flash Drive",9710.00
"Xerox 1920",191.36
"Sony Micro Vault Click 8 GB USB 2.0 Flash Drive",5061.44
"Sanford Pocket Accent Highlighters",2283.20
"TOPS Money Receipt Book, Consecutively Numbered in Red,",1592.88
"I Need's 3d Hello Kitty Hybrid Silicone Case Cover for HTC One X 4g with 3d Hello Kitty Stylus Pen Green/pink",2933.44
"4009 Highlighters by Sanford",2708.00
"Hot File 7-Pocket, Floor Stand",49588.08
"Ibico Standard Transparent Covers",1631.28
"Euro Pro Shark Stick Mini Vacuum",3029.92
"ClearOne CHATAttach 160 - speaker phone",10127.60
"Grip Seal Envelopes",56.56
"Rogers Handheld Barrel Pencil Sharpener",1993.52
"Manila Recycled Extra-Heavyweight Clasp Envelopes, 6" x 9"""",3513.36
"OIC Stacking Trays",4614.16
"Jawbone JAMBOX Wireless Bluetooth Speaker",5055.68
"Memorex Mini Travel Drive 32 GB USB 2.0 Flash Drive",2240.00
"Staple holder",8071.12
"GE 48" Fluorescent Tube, Cool White Energy Saver, 34 Watts, 30/Box"",15756.16
"GBC DocuBind P50 Personal Binding Machine",15234.56
"Xerox 23",2366.88
"DAX Copper Panel Document Frame, 5 x 7 Size",2429.36
"LF Elite 3D Dazzle Designer Hard Case Cover, Lf Stylus Pen and Wiper For Apple Iphone 5c Mini Lite",3496.00
"Dixon Ticonderoga Pencils",765.68
"Wilson Jones International Size A4 Ring Binders",4177.04
"Boston KS Multi-Size Manual Pencil Sharpener",2926.88
"Newell 344",2198.40
"Binder Posts",2825.52
"GBC Instant Report Kit",6527.84
"TOPS Voice Message Log Book, Flash Format",1148.00
"Xerox 196",2303.36
"Tenex Carpeted, Granite-Look or Clear Contemporary Contour Shape Chair Mats",3578.08
"Avery 481",1916.88
"Acme Forged Steel Scissors with Black Enamel Handles",4733.44
"Avery 519",3088.88
"Acco Recycled 2" Capacity Laser Printer Hanging Data Binders"",2226.08
"Acco Hot Clips Clips to Go",1959.68
"Home/Office Personal File Carts",6367.68
"Universal Premium White Copier/Laser Paper (20Lb. and 87 Bright)",688.88
"Belkin Premiere Surge Master II 8-outlet surge protector",7723.28
"Safco Industrial Wire Shelving System",13647.28
"Recycled Easel Ring Binders",4064.72
"GBC Personal VeloBind Strips",1510.88
"Luxo Professional Fluorescent Magnifier Lamp with Clamp-Mount Base",21378.48
"Wilson Jones Turn Tabs Binder Tool for Ring Binders",4113.52
"GBC Durable Plastic Covers",4412.24
"Motorola HK250 Universal Bluetooth Headset",9907.68
"Panasonic KX MB2061 Multifunction Printer",19171.20
"Pressboard Covers with Storage Hooks, 9 1/2" x 11"", Light Blue"",4052.72
"Southworth 100% Cotton The Best Paper",661.28
"Cardinal HOLDit! Binder Insert Strips,Extra Strips",4975.84
"Eureka Sanitaire  Commercial Upright",7568.96
"SanDisk Cruzer 32 GB USB Flash Drive",3896.48
"Digium D40 VoIP phone",12296.72
"Nortel Business Series Terminal T7208 Digital phone",8237.84
"Mitel MiVoice 5330e IP Phone",33526.88
"Xerox 1949",1038.96
"Canon imageCLASS 2200 Advanced Copier",112614.64
"Avery Legal 4-Ring Binder",1657.04
"Xerox 224",342.16
"Acme Hot Forged Carbon Steel Scissors with Nickel-Plated Handles, 3 7/8" Cut, 8""L"",4498.40
"BIC Liqua Brite Liner",3900.00
"Eldon Expressions Mahogany Wood Desk Collection",748.80
"Wirebound Service Call Books, 5 1/2" x 4"""",1184.32
"Fellowes Strictly Business Drawer File, Letter/Legal Size",25691.04
"Office Star Flex Back Scooter Chair with White Frame",11164.48
"Logitech G13 Programmable Gameboard with LCD Display",8982.96
"Weyerhaeuser First Choice Laser/Copy Paper (20Lb. and 88 Bright)",1478.08
"Telephone Message Books with Fax/Mobile Section, 5 1/2" x 3 3/16"""",3712.48
"OIC #2 Pencils, Medium Soft",2443.36
"Holmes HEPA Air Purifier",2712.16
"Alliance Big Bands Rubber Bands, 12/Pack",158.40
"Xerox 1946",1314.56
"Cisco SPA508G",4717.84
"Global Low Back Tilter Chair",10826.72
"Fellowes Powershred HS-440 4-Sheet High Security Shredder",17014.96
"Advantus Rolling Drawer Organizers",2490.16
"Imation 32GB Pocket Pro USB 3.0 Flash Drive - 32 GB - Black - 1 P ...",1341.76
"Xerox 1910",3325.68
"Xerox 1915",19790.32
"36X48 HARDFLOOR CHAIRMAT",4461.44
"G.E. Halogen Desk Lamp Bulbs",1004.48
"Wirebound Message Books, Four 2 3/4 x 5 White Forms per Page",3250.64
"Boston School Pro Electric Pencil Sharpener, 1670",4503.04
"Novimex Fabric Task Chair",9606.72
"Great White Multi-Use Recycled Paper (20Lb. and 84 Bright)",2815.76
"Kensington 7 Outlet MasterPiece HOMEOFFICE Power Control Center",23166.64
"Xerox 1991",4244.64
"Okidata C331dn Printer",17868.80
"Wilson Electronics DB Pro Signal Booster",36385.60
"Panasonic KX-TG9471B",21666.16
"Newell 333",2768.24
"3M Polarizing Light Filter Sleeves",1551.68
"GBC Standard Therm-A-Bind Covers",3528.64
"Global Troy Executive Leather Low-Back Tilter",81743.20
"Angle-D Ring Binders",2977.44
"Canon Imageclass D680 Copier / Fax",45559.36
"Hon Rectangular Conference Tables",22932.48
"Plantronics CS510 - Over-the-Head monaural Wireless Headset System",61318.80
"Xerox 228",1441.92
"Acco 7-Outlet Masterpiece Power Center, Wihtout Fax/Phone Line Protection",24638.96
"Eldon Simplefile Box Office",2947.84
"Newell 343",2134.88
"Xerox 217",3345.92
"VTech DS6151",10279.20
"Redi-Strip #10 Envelopes, 4 1/8 x 9 1/2",1390.32
"Sony Micro Vault Click 16 GB USB 2.0 Flash Drive",7259.52
"Anker 36W 4-Port USB Wall Charger Travel Power Adapter for iPhone 5s 5c 5",4142.88
"Executive Impressions 16-1/2" Circular Wall Clock"",1318.24
"Xerox 1899",1778.48
"Global Highback Leather Tilter in Burgundy",6363.44
"Avery Hidden Tab Dividers for Binding Systems",4319.36
"Jackery Bar Premium Fast-charging Portable Charger",5915.04
"Riverleaf Stik-Withit Designer Note Cubes",1178.24
"Acco PRESSTEX Data Binder with Storage Hooks, Dark Blue, 14 7/8" X 11"""",1618.48
"Acco Translucent Poly Ring Binders",3358.96
"Snap-A-Way Black Print Carbonless Ruled Speed Letter, Triplicate",5159.84
"Xerox 1957",207.36
"PureGear Roll-On Screen Protector",1975.12
"KI Conference Tables",5835.76
"Eldon 100 Class Desk Accessories",32.32
"Binney & Smith Crayola Metallic Colored Pencils, 8-Color Set",1160.64
"Panasonic KX MC6040 Color Laser Multifunction Printer",12958.56
"Sauder Inglewood Library Bookcases",1094.24
"Linden 10" Round Wall Clock, Black"",5166.48
"Eldon Base for stackable storage shelf, platinum",3302.16
"Newell 314",4100.32
"Avery White Multi-Purpose Labels",446.24
"Acco 6 Outlet Guardian Premium Surge Suppressor",1725.04
"Acme Box Cutter Scissors",1752.56
"Letter Size Cart",30624.56
"Xerox 191",6691.92
"Trimflex Flexible Post Binders",3790.40
"Xerox 230",3912.08
"Avery 488",201.60
"Xerox Blank Computer Paper",799.20
"Samsung Galaxy Mega 6.3",98965.68
"Rosewill 107 Normal Keys USB Wired Standard Keyboard",867.52
"Bose SoundLink Bluetooth Speaker",11542.40
"Deflect-o EconoMat Nonstudded, No Bevel Mat",2156.72
"While You Were Out Pads, 50 per Pad, 4 x 5 1/4, Green Cycle",37.84
"Cisco CP-7937G Unified IP Conference Station Phone",11235.20
"Global Deluxe Stacking Chair, Gray",4682.32
"Bush Cubix Conference Tables, Fully Assembled",29426.32
"Avery 487",1529.44
"GBC Wire Binding Combs",4599.84
"Stacking Tray, Side-Loading, Legal, Smoke",2101.04
"Razer Kraken PRO Over Ear PC and Music Headset",24527.04
"Avery 486",3945.52
"Logitech G35 7.1-Channel Surround Sound Headset",9447.28
"Bretford Rectangular Conference Table Tops",52828.16
"Self-Adhesive Address Labels for Typewriters by Universal",1490.72
"1.7 Cubic Foot Compact "Cube"" Office Refrigerators"",17734.88
"Artistic Insta-Plaque",1182.08
"DXL Angle-View Binders with Locking Rings by Samsill",4939.44
"Companion Letter/Legal File, Black",5007.04
"KLD Oscar II Style Snap-on Ultra Thin Side Flip Synthetic Leather Cover Case for HTC One HTC M7",1545.60
"Canon Color ImageCLASS MF8580Cdw Wireless Laser All-In-One Printer, Copier, Scanner",8063.84
"Xerox 1978",1785.36
"IBM Multi-Purpose Copy Paper, 8 1/2 x 11", Case"",5540.00
"Bionaire 99.97% HEPA Air Cleaner",1460.80
"APC 7 Outlet Network SurgeArrest Surge Protector",8588.48
"Dax Clear Box Frame",4044.56
"Nontoxic Chalk",1734.88
"Xerox 1975",4319.84
"Global Enterprise Series Seating High-Back Swivel/Tilt Chairs",12870.24
"Staple magnet",3669.12
"Acco Pressboard Covers with Storage Hooks, 14 7/8" x 11"", Executive Red"",2378.00
"Ooma Telo VoIP Home Phone System",6617.04
"Avery 51",302.40
"Premium Transparent Presentation Covers by GBC",6346.00
"Newell 326",1907.04
"Newell 346",1110.40
"Bush Heritage Pine Collection 5-Shelf Bookcase, Albany Pine Finish, *Special Order",8908.08
"GBC Twin Loop Wire Binding Elements",8140.16
"Verbatim Slim CD and DVD Storage Cases, 50/Pack",2136.64
"Xerox 19",4057.36
"Penpower WorldCard Pro Card Scanner",731.84
"Xerox 232",311.04
"Novimex Turbo Task Chair",8395.20
"Array Parchment Paper, Assorted Colors",116.48
"Imation 8gb Micro Traveldrive Usb 2.0 Flash Drive",5208.00
"Xerox 1934",4315.44
"Rogers Jumbo File, Granite",2731.52
"Rubbermaid ClusterMat Chairmats, Mat Size- 66" x 60"", Lip 20"" x 11"" -90 Degree Angle"",7763.20
"Global Manager's Adjustable Task Chair, Storm",11595.28
"Ibico Presentation Index for Binding Systems",6021.36
"Wireless Extenders zBoost YX545 SOHO Signal Booster",12095.36
"Newell 35",3001.36
"Hon 2111 Invitation Series Corner Table",3014.96
"Xerox 1937",3199.04
"Xerox 1900",1351.36
"Harmony Air Purifier",8412.80
"Message Book, Standard Line "While You Were Out"", 5 1/2"" X 4"", 200 Sets/Book"",136.96
"DIXON Oriole Pencils",2709.12
"Xerox 202",1865.20
"Wirebound Message Books, 2 7/8" x 5"", 3 Forms per Page"",4707.36
"Sanyo 2.5 Cubic Foot Mid-Size Office Refrigerators",33079.68
"Belkin 6 Outlet Metallic Surge Strip",2413.60
"Hon Valutask Swivel Chairs",9440.96
"Imation 30456 USB Flash Drive 8GB",353.28
"SpineVue Locking Slant-D Ring Binders by Cardinal",3158.56
"Premium Transparent Presentation Covers, No Pattern/Clear, 8 1/2" x 11"""",5230.96
"Avery 4027 File Folder Labels for Dot Matrix Printers, 5000 Labels per Box, White",6347.12
"Avery 52",2157.84
"Tops White Computer Printout Paper",5039.36
"Translucent Push Pins by OIC",932.40
"Compact Automatic Electric Letter Opener",14719.44
"Mobile Personal File Cube",2490.40
"Avery 516",175.44
"Xerox 1884",2870.40
"Macally Suction Cup Mount",1618.24
"Panasonic KX TS208W Corded phone",9727.68
"Gould Plastics 9-Pocket Panel Bin, 18-3/8w x 5-1/4d x 20-1/2h, Black",2713.04
"Global Value Mid-Back Manager's Chair, Gray",13842.24
"Global Task Chair, Black",13842.24
"Eldon Executive Woodline II Cherry Finish Desk Accessories",17161.04
"Prang Colored Pencils",2604.16
"Memorex Mini Travel Drive 4 GB USB 2.0 Flash Drive",108.96
"Eldon Expressions Wood Desk Accessories, Oak",6041.84
"Newell 311",10316.80
"SAFCO Mobile Desk Side File, Wire Frame",6868.32
"OIC Binder Clips",2268.80
"Ampad Phone Message Book, Recycled, 400 Message Capacity, 5 ¾” x 11”",3038.72
"AmazonBasics 3-Button USB Wired Mouse",1086.00
"Perixx PERIBOARD-512B, Ergonomic Split Keyboard",2919.28
"DAX Executive Solid Wood Document Frame, Desktop or Hang, Mahogany, 5 x 7",3746.00
"Cisco IP Phone 7961G VoIP phone - Dark gray",1087.60
"Global Commerce Series Low-Back Swivel/Tilt Chairs",32011.20
"Polycom CX300 Desktop Phone USB VoIP phone",4799.68
"GBC Premium Transparent Covers with Diagonal Lined Pattern",9938.24
"Global Armless Task Chair, Royal Blue",5070.40
"Disposable Triple-Filter Dust Bags",10004.72
"Xerox 1960",2152.32
"Holmes Replacement Filter for HEPA Air Cleaner, Very Large Room, HEPA Filter",5877.20
"Bulldog Vacuum Base Pencil Sharpener",4759.68
"O'Sullivan 2-Door Barrister Bookcase in Odessa Pine",30307.12
"Xerox 210",2143.04
"Binding Machine Supplies",10415.84
"Avery 477",1221.20
"KeyTronic KT400U2 - Keyboard - Black",246.72
"Southworth 25% Cotton Antique Laid Paper & Envelopes",1662.00
"Zipper Ring Binder Pockets",4458.48
"Hon Deluxe Fabric Upholstered Stacking Chairs",16958.64
"Avery Hi-Liter Pen Style Six-Color Fluorescent Set",61.60
"Xerox 201",2825.92
"Xerox 200",1119.60
"Brites Rubber Bands, 1 1/2 oz. Box",1079.20
"Avanti 1.7 Cu. Ft. Refrigerator",18324.48
"Xerox 1925",3068.64
"Inter-Office Recycled Envelopes, Brown Kraft, Button-String,10" x 13"" , 100/Box"",879.20
"Atlantic Metals Mobile 5-Shelf Bookcases, Custom Colors",30143.12
"Eldon Shelf Savers Cubes and Bins",3301.68
"OtterBox Defender Series Case - Samsung Galaxy S4",7238.64
"Acme Softgrip Scissors",1778.80
"Howard Miller 11-1/2" Diameter Grantwood Wall Clock"",3820.32
"Tops Wirebound Message Log Books",405.36
"Global Leather Task Chair, Black",12374.88
"Canon PC1060 Personal Laser Copier",44799.36
"Permanent Self-Adhesive File Folder Labels for Typewriters, 1 1/8 x 3 1/2, White",645.12
"Panasonic KX T7731-B Digital phone",14605.60
"Plantronics Calisto P620-M USB Wireless Speakerphone System",14605.60
"GBC Standard Plastic Binding Systems' Combs",2136.64
"Cisco SPA 502G IP Phone",12418.88
"Logitech Mobile Speakerphone P710e - speaker phone",6199.12
"Fellowes Twister Kit, Gray/Clear, 3/pkg",6967.68
"Jabra SPEAK 410 Multidevice Speakerphone",16757.60
"Xerox 1921",1247.68
"Xerox 213",6957.84
"Hon GuestStacker Chair",19531.28
"Sterilite Officeware Hinged File Box",10123.20
"Boston Heavy-Duty Trimline Electric Pencil Sharpeners",6229.12
"Brother MFC-9340CDW LED All-In-One Printer, Copier Scanner",2735.92
"Cisco SPA525G2 IP Phone - Wireless",2954.96
"LG Electronics Tone+ HBS-730 Bluetooth Headset",6587.44
"Acme Stainless Steel Office Snips",971.52
"Acco Hanging Data Binders",219.44
"Newell 315",765.44
"Pressboard Data Binders by Wilson Jones",2032.80
"Blue Parrot B250XT Professional Grade Wireless Bluetooth Headset with",10822.64
"GBC Standard Plastic Binding Systems Combs",1954.96
"HP Standard 104 key PS/2 Keyboard",2180.00
"Cardinal Holdit Data Disk Pockets",524.16
"Holmes 99% HEPA Air Purifier",2391.28
"Deflect-O Glasstique Clear Desk Accessories",800.80
"Fiskars Home & Office Scissors",781.44
"Personal Filing Tote with Lid, Black/Gray",3766.80
"Mophie Juice Pack Helium for iPhone",5135.44
"GE 2-Jack Phone Line Splitter",3955.04
"Eberhard Faber 3 1/2" Golf Pencils"",4583.92
"Imation Secure Drive + Hardware Encrypted USB flash drive - 16 GB",7214.88
"HP Office Paper (20Lb. and 87 Bright)",1302.72
"Eaton Premium Continuous-Feed Paper, 25% Cotton, Letter Size, White, 1000 Shts/Box",7230.56
"Strathmore Photo Frame Cards",818.72
"Tennsco 6- and 18-Compartment Lockers",26240.56
"Eldon Image Series Black Desk Accessories",1833.20
"First Data TMFD35 PIN Pad",4721.60
"Eldon 300 Class Desk Accessories, Black",1085.60
"Round Specialty Laser Printer Labels",2316.80
"Pressboard Data Binder, Crimson, 12" X 8 1/2"""",102.56
"Belkin F5C206VTEL 6 Outlet Surge",1323.68
"Hon 4700 Series Mobuis Mid-Back Task Chairs with Adjustable Arms",44603.52
"Sauder Facets Collection Locker/File Cabinet, Sky Alder Finish",13652.08
"Hon Olson Stacker Stools",13427.92
"SanDisk Cruzer 4 GB USB Flash Drive",124.64
"iHome FM Clock Radio with Lightning Dock",6687.20
"Steel Personal Filing/Posting Tote",6739.36
"Advantus Employee of the Month Certificate Frame, 11 x 13-1/2",4687.60
"Avery Printable Repositionable Plastic Tabs",4092.16
"Hon 4-Shelf Metal Bookcases",9097.52
"Griffin GC36547 PowerJolt SE Lightning Charger",287.84
"invisibleSHIELD by ZAGG Smudge-Free Screen Protector",10752.00
"Boston 16765 Mini Stand Up Battery Pencil Sharpener",1804.88
"Wilson Jones 1" Hanging DublLock Ring Binders"",5426.48
"Safco Steel Mobile File Cart",6958.64
"Avery 494",1059.52
"Leather Task Chair, Black",14799.28
"Self-Adhesive Removable Labels",2904.00
"12 Colored Short Pencils",959.68
"Master Caster Door Stop, Large Neon Orange",1958.16
"Plantronics Audio 995 Wireless Stereo Headset",13658.00
"Avery Hi-Liter Smear-Safe Highlighters",2975.28
"Xerox 192",2113.92
"Fiskars 8" Scissors, 2/Pack"",2470.80
"Xerox 216",2724.56
"Eldon Stackable Tray, Side-Load, Legal, Smoke",1879.84
"Wilson Jones Easy Flow II Sheet Lifters",7248.32
"Holmes Replacement Filter for HEPA Air Cleaner, Large Room",2895.52
"Zebra GX420t Direct Thermal/Thermal Transfer Printer",2123.84
"GBC Laser Imprintable Binding System Covers, Desert Sand",456.72
"Newell 339",1517.52
"Xerox 231",2868.64
"Acme Elite Stainless Steel Scissors",3341.68
"Griffin GC17055 Auxiliary Audio Cable",4616.16
"Office Star - Contemporary Swivel Chair with Padded Adjustable Arms and Flex Back",17796.96
"DMI Arturo Collection Mission-style Design Wood Chair",19245.12
"Hewlett Packard LaserJet 3310 Copier",110701.84
"Tripp Lite Isotel 6 Outlet Surge Protector with Fax/Modem Protection",10045.68
"Advantus Motivational Note Cards",1530.08
"Avery 3 1/2" Diskette Storage Pages, 10/Pack"",1910.56
"Newell 325",5149.12
"Memorex Froggy Flash Drive 8 GB",9194.40
"Office Star Flex Back Scooter Chair with Aluminum Finish Frame",11294.72
"Eldon Expressions Desk Accessory, Wood Photo Frame, Mahogany",3448.48
"Xerox 1889",879.36
"Avery 495",1346.40
"GBC Ibimaster 500 Manual ProClick Binding System",53212.32
"Hoover Replacement Belts For Soft Guard & Commercial Ltweight Upright Vacs, 2/Pk",849.44
"Tenex Chairmat w/ Average Lip, 45" x 53"""",16468.00
"Avery Triangle Shaped Sheet Lifters, Black, 2/Pack",2149.76
"Fellowes High-Stak Drawer Files",17274.24
"Premier Elliptical Ring Binder, Black",3768.72
"Avery 498",1898.08
"Hoover Shoulder Vac Commercial Portable Vacuum",20325.12
"Honeywell Quietcare HEPA Air Cleaner",8143.92
"ClearOne Communications CHAT 70 OC Speaker Phone",12578.48
"Polycom SoundPoint Pro SE-225 Corded phone",3508.56
"Eldon ClusterMat Chair Mat with Cordless Antistatic Protection",2183.52
"Laminate Occasional Tables",13810.08
"Barricks Non-Folding Utility Table with Steel Legs, Laminate Tops",1091.68
"Tyvek  Top-Opening Peel & Seel Envelopes, Plain White",3731.28
"Sony Micro Vault Click 4 GB USB 2.0 Flash Drive",2767.36
"Acme 10" Easy Grip Assistive Scissors"",3568.00
"Advantus Panel Wall Certificate Holder - 8.5x11",2570.56
"Avery 478",2947.04
"Mitel 5320 IP Phone VoIP phone",9788.24
"Boston Model 1800 Electric Pencil Sharpener, Gray",2116.88
"Panasonic KX-TG6844B Expandable Digital Cordless Telephone",9086.88
"Logitech Illuminated - Keyboard",10590.72
"OIC Bulk Pack Metal Binder Clips",1981.84
"Alliance Super-Size Bands, Assorted Sizes",933.60
"Chromcraft 48" x 96"" Racetrack Double Pedestal Table"",23749.52
"Xerox 1954",84.48
"Xerox 199",1281.92
"Apple EarPods with Remote and Mic",2095.52
"Kensington 7 Outlet MasterPiece Power Center",14635.20
"Logitech diNovo Edge Keyboard",33566.64
"BPI Conference Tables",16158.16
"O'Sullivan Living Dimensions 2-Shelf Bookcases",9860.88
"Sony 64GB Class 10 Micro SDHC R40 Memory Card",7571.20
"3.6 Cubic Foot Counter Height Office Refrigerator",22883.36
"Array Memo Cubes",1391.28
"Texas Instruments TI-34 Scientific Calculator",844.40
"Cisco IP Phone 7961G-GE VoIP phone",4342.40
"Tripp Lite TLP810NET Broadband Surge for Modem/Fax",4024.96
"Nokia Lumia 521 (T-Mobile)",3015.36
"HTC One Mini",5644.32
"Luxo Professional Magnifying Clamp-On Fluorescent Lamps",9487.28
"Rediform S.O.S. 1-Up Phone Message Bk, 4-1/4x3-1/16 Bk, 1 Form/Pg, 40 Messages/Bk, 3/Pk",4455.84
"Convenience Packs of Business Envelopes",5387.84
"Barricks 18" x 48"" Non-Folding Utility Table with Bottom Storage Shelf"",4273.28
"Belkin 325VA UPS Surge Protector, 6'",13209.92
"Belkin 7 Outlet SurgeMaster II",13209.92
"GE DSL Phone Line Filter",3063.52
"Surelock Post Binders",4442.16
"Avery 49",5415.52
"Iceberg OfficeWorks 42" Round Tables"",21756.32
"Anker Astro Mini 3000mAh Ultra-Compact Portable Charger",1455.60
"Bretford CR8500 Series Meeting Room Furniture",27908.24
"Xerox 1997",4430.00
"Xerox 1928",1359.76
"Tripp Lite Isotel 8 Ultra 8 Outlet Metal Surge",6106.24
"Avery Durable Poly Binders",4029.44
"Airmail Envelopes",5485.28
"GBC Imprintable Covers",3132.48
"Dana Halogen Swing-Arm Architect Lamp",2024.88
"SAFCO Boltless Steel Shelving",28213.28
"WD My Passport Ultra 2TB Portable External Hard Drive",28387.20
"Acco Six-Outlet Power Strip, 4' Cord Length",5010.08
"Acme Rosewood Handle Letter Opener",127.04
"Newell 331",1295.20
"Avery 515",1213.20
"Maxell 4.7GB DVD+R 5/Pack",1698.64
"Advantus SlideClip Paper Clips",371.04
"Xerox 1979",1239.20
"Logitech G700s Rechargeable Gaming Mouse",9591.12
"Binney & Smith inkTank Erasable Pocket Highlighter, Chisel Tip, Yellow",43.76
"Newell Chalk Holder",2794.00
"Samsung Replacement EH64AVFWE Premium Headset",2372.00
"Memorex Micro Travel Drive 16 GB",4428.48
"Xerox 1950",1070.48
"ClearSounds CSC500 Amplified Spirit Phone Corded phone",2983.68
"Hon 4060 Series Tables",5732.32
"NETGEAR AC1750 Dual Band Gigabit Smart WiFi Router",9159.44
"Newell 335",2419.20
"Deflect-o Glass Clear Studded Chair Mats",5383.20
"Deluxe Heavy-Duty Vinyl Round Ring Binder",7391.76
"Xerox 1944",1612.40
"Martin-Yale Premier Letter Opener",2802.32
"Ampad Gold Fibre Wirebound Steno Books, 6" x 9"", Gregg Ruled"",7376.64
"Xerox 1919",8162.96
"SAFCO PlanMaster Heigh-Adjustable Drafting Table Base, 43w x 30d x 30-37h, Black",24641.76
"Portfile Personal File Boxes",113.28
"Southworth 25% Cotton Premium Laser Paper and Envelopes",1982.16
"Avery 484",73.76
"Wirebound Four 2-3/4 x 5 Forms per Page, 400 Sets per Book",2388.96
"Sauder Camden County Collection Libraries, Planked Cherry Finish",9833.60
"GBC VeloBinder Strips",1159.60
"Avery Personal Creations Heavyweight Cards",1505.28
"O'Sullivan 5-Shelf Heavy-Duty Bookcases",3277.60
"Fellowes Black Plastic Comb Bindings",9318.08
"Hon 2090 “Pillow Soft” Series Mid Back Swivel/Tilt Chairs",17675.60
"Panasonic KX TS3282W Corded phone",5175.44
"Sabrent 4-Port USB 2.0 Hub",1073.28
"White Business Envelopes with Contemporary Seam, Recycled White Business Envelopes",1819.76
"Enermax Aurora Lite Keyboard",7798.40
"Eureka The Boss Plus 12-Amp Hard Box Upright Vacuum, Red",11857.20
"Telescoping Adjustable Floor Lamp",3767.52
"Colored Push Pins",703.68
"ACCOHIDE 3-Ring Binder, Blue, 1""",3025.36
"Okidata C610n Printer",16223.20
"Deflect-o DuraMat Antistatic Studded Beveled Mat for Medium Pile Carpeting",9269.36
"Belkin F9M820V08 8 Outlet Surge",5429.92
"Zebra Zazzle Fluorescent Highlighters",3008.16
"Hon Racetrack Conference Tables",10884.40
"GBC Plasticlear Binding Covers",2952.88
"Acco PRESSTEX Data Binder with Storage Hooks, Dark Blue, 9 1/2" X 11"""",747.60
"Blackstonian Pencils",1054.32
"Chromcraft Rectangular Conference Tables",14860.64
"Cisco SPA301",10656.88
"Tenex "The Solids"" Textured Chair Mats"",10322.48
Crate-A-Files,6503.84
"Acco Expandable Hanging Binders",1035.36
"Safco Value Mate Steel Bookcase, Baked Enamel Finish on Steel, Black",6776.56
"Faber Castell Col-Erase Pencils",1764.64
"Acme Preferred Stainless Steel Scissors",2383.04
"Xerox 1966",4579.44
"RSVP Cards & Envelopes, Blank White, 8-1/2" X 11"", 24 Cards/25 Envelopes/Set"",4579.44
"Prismacolor Color Pencil Set",6083.44
"Xerox 1886",3664.80
"6" Cubicle Wall Clock, Black"",8188.72
"Aluminum Document Frame",2200.64
"Eldon Mobile Mega Data Cart  Mega Stackable  Add-On Trays",5139.60
"Xerox Color Copier Paper, 11" x 17"", Ream"",4764.80
"Office Star - Ergonomically Designed Knee Chair",5118.08
"Avery 520",1092.00
"Geemarc AmpliPOWER60",32373.44
"C-Line Peel & Stick Add-On Filing Pockets, 8-3/4 x 5-1/8, 10/Pack",1097.12
"Wilson Jones Ledger-Size, Piano-Hinge Binder, 2", Blue"",9508.64
"Nortel Networks T7316 E Nt8 B27",15156.32
"Xerox 1971",1696.80
"Advantus Map Pennant Flags and Round Head Tacks",1257.12
"14-7/8 x 11 Blue Bar Computer Printout Paper",6598.08
"Xerox 1930",3498.16
"Xerox 1885",5884.48
"Avery 50",2420.00
"Chromcraft Bull-Nose Wood 48" x 96"" Rectangular Conference Tables"",21157.68
"Global Push Button Manager's Chair, Indigo",2825.36
"Executive Impressions 12" Wall Clock"",2240.16
"Newell 329",62.96
